Network,0,1,2,3,4
karate,0.058823529411764705,0.38235294117647056,0.08823529411764706,0.11764705882352941,0.35294117647058826
